sample_id,gloss,subset,session_id
hello_000,hello,train,legacy
hello_001,hello,train,legacy
hello_002,hello,train,legacy
hello_003,hello,train,legacy
hello_004,hello,train,legacy
hello_005,hello,val,legacy
no_000,no,train,legacy
no_001,no,train,legacy
no_002,no,train,legacy
no_003,no,train,legacy
no_004,no,train,legacy
no_005,no,val,legacy
nothing_000,nothing,train,legacy
nothing_001,nothing,train,legacy
nothing_002,nothing,train,legacy
nothing_003,nothing,train,legacy
nothing_004,nothing,train,legacy
nothing_005,nothing,val,legacy
nothing_006,nothing,train,legacy
nothing_007,nothing,train,legacy
nothing_008,nothing,train,legacy
nothing_009,nothing,train,legacy
nothing_010,nothing,val,legacy
nothing_011,nothing,train,legacy
nothing_012,nothing,train,legacy
nothing_013,nothing,train,legacy
nothing_014,nothing,train,legacy
nothing_015,nothing,val,legacy
nothing_016,nothing,train,legacy
nothing_017,nothing,train,legacy
nothing_018,nothing,train,legacy
nothing_019,nothing,train,legacy
nothing_020,nothing,val,legacy
nothing_021,nothing,train,legacy
nothing_022,nothing,train,legacy
nothing_023,nothing,train,legacy
nothing_024,nothing,train,legacy
nothing_025,nothing,val,legacy
nothing_026,nothing,train,legacy
nothing_027,nothing,train,legacy
nothing_028,nothing,train,legacy
nothing_029,nothing,train,legacy
nothing_030,nothing,val,legacy
nothing_031,nothing,train,legacy
nothing_032,nothing,train,legacy
nothing_033,nothing,train,legacy
nothing_034,nothing,train,legacy
nothing_035,nothing,val,legacy
nothing_036,nothing,train,legacy
nothing_037,nothing,train,legacy
nothing_038,nothing,train,legacy
nothing_039,nothing,train,legacy
please_000,please,train,legacy
please_001,please,train,legacy
please_002,please,train,legacy
please_003,please,train,legacy
please_004,please,train,legacy
please_005,please,val,legacy
sorry_000,sorry,train,legacy
sorry_001,sorry,train,legacy
sorry_002,sorry,train,legacy
sorry_003,sorry,train,legacy
sorry_004,sorry,train,legacy
sorry_005,sorry,val,legacy
thanks_000,thanks,train,legacy
thanks_001,thanks,train,legacy
thanks_002,thanks,train,legacy
thanks_003,thanks,train,legacy
thanks_004,thanks,train,legacy
thanks_005,thanks,val,legacy
want_000,want,train,legacy
yes_000,yes,train,legacy
yes_001,yes,train,legacy
yes_002,yes,train,legacy
yes_003,yes,train,legacy
yes_004,yes,train,legacy
yes_005,yes,val,legacy
yes_000,yes,train,legacy
yes_001,yes,train,legacy
yes_002,yes,train,legacy
yes_003,yes,train,legacy
yes_004,yes,train,legacy
yes_005,yes,val,legacy
no_000,no,train,legacy
no_001,no,train,legacy
no_002,no,train,legacy
no_003,no,train,legacy
no_004,no,train,legacy
no_005,no,val,legacy
hello_000,hello,train,legacy
hello_001,hello,train,legacy
hello_002,hello,train,legacy
hello_003,hello,train,legacy
hello_004,hello,train,legacy
hello_005,hello,val,legacy
thanks_000,thanks,train,legacy
thanks_001,thanks,train,legacy
thanks_002,thanks,train,legacy
thanks_003,thanks,train,legacy
thanks_004,thanks,train,legacy
thanks_005,thanks,val,legacy
please_000,please,train,legacy
please_001,please,train,legacy
please_002,please,train,legacy
please_003,please,train,legacy
please_004,please,train,legacy
please_005,please,val,legacy
sorry_000,sorry,train,legacy
sorry_001,sorry,train,legacy
sorry_002,sorry,train,legacy
sorry_003,sorry,train,legacy
sorry_004,sorry,train,legacy
sorry_005,sorry,val,legacy
want_000,want,train,legacy
want_001,want,train,legacy
want_002,want,train,legacy
want_003,want,train,legacy
want_004,want,train,legacy
want_005,want,val,legacy
need_000,need,train,legacy
need_001,need,train,legacy
need_002,need,train,legacy
need_003,need,train,legacy
need_004,need,train,legacy
need_005,need,val,legacy
help_000,help,train,legacy
help_001,help,train,legacy
help_002,help,train,legacy
help_003,help,train,legacy
help_004,help,train,legacy
help_005,help,val,legacy
eat_000,eat,train,legacy
eat_001,eat,train,legacy
eat_002,eat,train,legacy
eat_003,eat,train,legacy
eat_004,eat,train,legacy
eat_005,eat,val,legacy
drink_000,drink,train,legacy
drink_001,drink,train,legacy
drink_002,drink,train,legacy
drink_003,drink,train,legacy
drink_004,drink,train,legacy
drink_005,drink,val,legacy
more_000,more,train,legacy
more_001,more,train,legacy
more_002,more,train,legacy
more_003,more,train,legacy
more_004,more,train,legacy
more_005,more,val,legacy
good_000,good,train,legacy
good_001,good,train,legacy
good_002,good,train,legacy
good_003,good,train,legacy
good_004,good,train,legacy
good_005,good,val,legacy
finished_000,finished,train,legacy
finished_001,finished,train,legacy
finished_002,finished,train,legacy
finished_003,finished,train,legacy
finished_004,finished,train,legacy
finished_005,finished,val,legacy
you_000,you,train,legacy
you_001,you,train,legacy
you_002,you,train,legacy
you_003,you,train,legacy
you_004,you,train,legacy
you_005,you,val,legacy
yes_012,yes,train,legacy
yes_013,yes,train,legacy
yes_014,yes,train,legacy
no_012,no,train,legacy
no_013,no,train,legacy
no_014,no,train,legacy
hello_012,hello,train,legacy
hello_013,hello,train,legacy
hello_014,hello,train,legacy
thanks_012,thanks,train,legacy
thanks_013,thanks,train,legacy
thanks_014,thanks,train,legacy
please_012,please,train,legacy
please_013,please,train,legacy
please_014,please,train,legacy
sorry_012,sorry,train,legacy
sorry_013,sorry,train,legacy
sorry_014,sorry,train,legacy
want_007,want,train,legacy
want_008,want,train,legacy
want_009,want,train,legacy
want_010,want,val,legacy
want_011,want,train,legacy
need_006,need,train,legacy
need_007,need,train,legacy
need_008,need,train,legacy
need_009,need,train,legacy
need_010,need,val,legacy
help_006,help,train,legacy
help_007,help,train,legacy
help_008,help,train,legacy
help_009,help,train,legacy
help_010,help,val,legacy
eat_006,eat,train,legacy
eat_007,eat,train,legacy
eat_008,eat,train,legacy
eat_009,eat,train,legacy
eat_010,eat,val,legacy
drink_006,drink,train,legacy
drink_007,drink,train,legacy
drink_008,drink,train,legacy
drink_009,drink,train,legacy
drink_010,drink,val,legacy
more_006,more,train,legacy
more_007,more,train,legacy
more_008,more,train,legacy
more_009,more,train,legacy
more_010,more,val,legacy
good_006,good,train,legacy
good_007,good,train,legacy
good_008,good,train,legacy
good_009,good,train,legacy
good_010,good,val,legacy
finished_006,finished,train,legacy
finished_007,finished,train,legacy
finished_008,finished,train,legacy
finished_009,finished,train,legacy
finished_010,finished,val,legacy
you_006,you,train,legacy
you_007,you,train,legacy
you_008,you,train,legacy
you_009,you,train,legacy
you_010,you,val,legacy
want_012,want,train,legacy
want_013,want,train,legacy
want_014,want,train,legacy
need_011,need,train,legacy
need_012,need,train,legacy
need_013,need,train,legacy
need_014,need,train,legacy
help_011,help,train,legacy
help_012,help,train,legacy
help_013,help,train,legacy
help_014,help,train,legacy
eat_011,eat,train,legacy
eat_012,eat,train,legacy
eat_013,eat,train,legacy
eat_014,eat,train,legacy
drink_011,drink,train,legacy
drink_012,drink,train,legacy
drink_013,drink,train,legacy
drink_014,drink,train,legacy
more_011,more,train,legacy
more_012,more,train,legacy
more_013,more,train,legacy
more_014,more,train,legacy
good_011,good,train,legacy
good_012,good,train,legacy
good_013,good,train,legacy
good_014,good,train,legacy
finished_011,finished,train,legacy
finished_012,finished,train,legacy
finished_013,finished,train,legacy
finished_014,finished,train,legacy
you_011,you,train,legacy
you_012,you,train,legacy
you_013,you,train,legacy
you_014,you,train,legacy
yes_015,yes,val,legacy
yes_016,yes,train,legacy
yes_017,yes,train,legacy
yes_018,yes,train,legacy
yes_019,yes,train,legacy
no_015,no,val,legacy
no_016,no,train,legacy
no_017,no,train,legacy
no_018,no,train,legacy
no_019,no,train,legacy
hello_015,hello,val,legacy
hello_016,hello,train,legacy
hello_017,hello,train,legacy
hello_018,hello,train,legacy
hello_019,hello,train,legacy
thanks_015,thanks,val,legacy
thanks_016,thanks,train,legacy
thanks_017,thanks,train,legacy
thanks_018,thanks,train,legacy
thanks_019,thanks,train,legacy
please_015,please,val,legacy
please_016,please,train,legacy
please_017,please,train,legacy
please_018,please,train,legacy
please_019,please,train,legacy
sorry_015,sorry,val,legacy
sorry_016,sorry,train,legacy
sorry_017,sorry,train,legacy
sorry_018,sorry,train,legacy
sorry_019,sorry,train,legacy
want_015,want,val,legacy
want_016,want,train,legacy
want_017,want,train,legacy
want_018,want,train,legacy
want_019,want,train,legacy
need_015,need,val,legacy
need_016,need,train,legacy
need_017,need,train,legacy
need_018,need,train,legacy
need_019,need,train,legacy
help_015,help,val,legacy
help_016,help,train,legacy
help_017,help,train,legacy
help_018,help,train,legacy
help_019,help,train,legacy
eat_015,eat,val,legacy
eat_016,eat,train,legacy
eat_017,eat,train,legacy
eat_018,eat,train,legacy
eat_019,eat,train,legacy
drink_015,drink,val,legacy
drink_016,drink,train,legacy
drink_017,drink,train,legacy
drink_018,drink,train,legacy
drink_019,drink,train,legacy
more_015,more,val,legacy
more_016,more,train,legacy
more_017,more,train,legacy
more_018,more,train,legacy
more_019,more,train,legacy
good_015,good,val,legacy
good_016,good,train,legacy
good_017,good,train,legacy
good_018,good,train,legacy
good_019,good,train,legacy
finished_015,finished,val,legacy
finished_016,finished,train,legacy
finished_017,finished,train,legacy
finished_018,finished,train,legacy
finished_019,finished,train,legacy
you_015,you,val,legacy
you_016,you,train,legacy
you_017,you,train,legacy
you_018,you,train,legacy
you_019,you,train,legacy
yes_020,yes,val,20260609_213906
yes_021,yes,train,20260609_213906
yes_022,yes,train,20260609_213906
yes_023,yes,train,20260609_213906
yes_024,yes,train,20260609_213906
yes_025,yes,val,20260609_213906
yes_026,yes,train,20260609_213906
no_020,no,val,20260609_213906
no_021,no,train,20260609_213906
no_022,no,train,20260609_213906
no_023,no,train,20260609_213906
no_024,no,train,20260609_213906
no_025,no,val,20260609_213906
no_026,no,train,20260609_213906
hello_020,hello,val,20260609_213906
hello_021,hello,train,20260609_213906
hello_022,hello,train,20260609_213906
hello_023,hello,train,20260609_213906
hello_024,hello,train,20260609_213906
hello_025,hello,val,20260609_213906
hello_026,hello,train,20260609_213906
thanks_020,thanks,val,20260609_213906
thanks_021,thanks,train,20260609_213906
thanks_022,thanks,train,20260609_213906
thanks_023,thanks,train,20260609_213906
thanks_024,thanks,train,20260609_213906
thanks_025,thanks,val,20260609_213906
thanks_026,thanks,train,20260609_213906
please_020,please,val,20260609_213906
please_021,please,train,20260609_213906
please_022,please,train,20260609_213906
please_023,please,train,20260609_213906
please_024,please,train,20260609_213906
please_025,please,val,20260609_213906
please_026,please,train,20260609_213906
sorry_020,sorry,val,20260609_213906
sorry_021,sorry,train,20260609_213906
sorry_022,sorry,train,20260609_213906
sorry_023,sorry,train,20260609_213906
sorry_024,sorry,train,20260609_213906
sorry_025,sorry,val,20260609_213906
sorry_026,sorry,train,20260609_213906
want_020,want,val,20260609_213906
want_021,want,train,20260609_213906
want_022,want,train,20260609_213906
want_023,want,train,20260609_213906
want_024,want,train,20260609_213906
want_025,want,val,20260609_213906
want_026,want,train,20260609_213906
need_020,need,val,20260609_213906
need_021,need,train,20260609_213906
need_022,need,train,20260609_213906
need_023,need,train,20260609_213906
need_024,need,train,20260609_213906
need_025,need,val,20260609_213906
need_026,need,train,20260609_213906
help_020,help,val,20260609_213906
help_021,help,train,20260609_213906
help_022,help,train,20260609_213906
help_023,help,train,20260609_213906
help_024,help,train,20260609_213906
help_025,help,val,20260609_213906
help_026,help,train,20260609_213906
eat_020,eat,val,20260609_213906
eat_021,eat,train,20260609_213906
eat_022,eat,train,20260609_213906
eat_023,eat,train,20260609_213906
eat_024,eat,train,20260609_213906
eat_025,eat,val,20260609_213906
eat_026,eat,train,20260609_213906
drink_020,drink,val,20260609_213906
drink_021,drink,train,20260609_213906
drink_022,drink,train,20260609_213906
drink_023,drink,train,20260609_213906
drink_024,drink,train,20260609_213906
drink_025,drink,val,20260609_213906
drink_026,drink,train,20260609_213906
more_020,more,val,20260609_213906
more_021,more,train,20260609_213906
more_022,more,train,20260609_213906
more_023,more,train,20260609_213906
more_024,more,train,20260609_213906
more_025,more,val,20260609_213906
more_026,more,train,20260609_213906
good_020,good,val,20260609_213906
good_021,good,train,20260609_213906
good_022,good,train,20260609_213906
good_023,good,train,20260609_213906
good_024,good,train,20260609_213906
good_025,good,val,20260609_213906
good_026,good,train,20260609_213906
finished_020,finished,val,20260609_213906
finished_021,finished,train,20260609_213906
finished_022,finished,train,20260609_213906
finished_023,finished,train,20260609_213906
finished_024,finished,train,20260609_213906
finished_025,finished,val,20260609_213906
finished_026,finished,train,20260609_213906
you_020,you,val,20260609_213906
you_021,you,train,20260609_213906
you_022,you,train,20260609_213906
you_023,you,train,20260609_213906
you_024,you,train,20260609_213906
you_025,you,val,20260609_213906
you_026,you,train,20260609_213906
me_000,me,train,20260609_213906
me_001,me,train,20260609_213906
me_002,me,train,20260609_213906
me_003,me,train,20260609_213906
me_004,me,train,20260609_213906
me_005,me,val,20260609_213906
me_006,me,train,20260609_213906
nothing_040,nothing,val,20260609_213906
nothing_041,nothing,train,20260609_213906
nothing_042,nothing,train,20260609_213906
nothing_043,nothing,train,20260609_213906
nothing_044,nothing,train,20260609_213906
nothing_045,nothing,val,20260609_213906
nothing_046,nothing,train,20260609_213906
nothing_047,nothing,train,20260609_213906
nothing_048,nothing,train,20260609_213906
nothing_049,nothing,train,20260609_213906
nothing_050,nothing,val,20260609_213906
nothing_051,nothing,train,20260609_213906
nothing_052,nothing,train,20260609_213906
nothing_053,nothing,train,20260609_213906
yes_027,yes,train,20260609_220642
yes_028,yes,train,20260609_220642
yes_029,yes,train,20260609_220642
yes_030,yes,val,20260609_220642
yes_031,yes,train,20260609_220642
yes_032,yes,train,20260609_220642
yes_033,yes,train,20260609_220642
no_027,no,train,20260609_220642
no_028,no,train,20260609_220642
no_029,no,train,20260609_220642
no_030,no,val,20260609_220642
no_031,no,train,20260609_220642
no_032,no,train,20260609_220642
no_033,no,train,20260609_220642
hello_027,hello,train,20260609_220642
hello_028,hello,train,20260609_220642
hello_029,hello,train,20260609_220642
hello_030,hello,val,20260609_220642
hello_031,hello,train,20260609_220642
hello_032,hello,train,20260609_220642
hello_033,hello,train,20260609_220642
thanks_027,thanks,train,20260609_220642
thanks_028,thanks,train,20260609_220642
thanks_029,thanks,train,20260609_220642
thanks_030,thanks,val,20260609_220642
thanks_031,thanks,train,20260609_220642
thanks_032,thanks,train,20260609_220642
thanks_033,thanks,train,20260609_220642
please_027,please,train,20260609_220642
please_028,please,train,20260609_220642
please_029,please,train,20260609_220642
please_030,please,val,20260609_220642
please_031,please,train,20260609_220642
please_032,please,train,20260609_220642
please_033,please,train,20260609_220642
sorry_027,sorry,train,20260609_220642
sorry_028,sorry,train,20260609_220642
sorry_029,sorry,train,20260609_220642
sorry_030,sorry,val,20260609_220642
sorry_031,sorry,train,20260609_220642
sorry_032,sorry,train,20260609_220642
sorry_033,sorry,train,20260609_220642
want_027,want,train,20260609_220642
want_028,want,train,20260609_220642
want_029,want,train,20260609_220642
want_030,want,val,20260609_220642
want_031,want,train,20260609_220642
want_032,want,train,20260609_220642
want_033,want,train,20260609_220642
need_027,need,train,20260609_220642
need_028,need,train,20260609_220642
need_029,need,train,20260609_220642
need_030,need,val,20260609_220642
need_031,need,train,20260609_220642
need_032,need,train,20260609_220642
need_033,need,train,20260609_220642
help_027,help,train,20260609_220642
help_028,help,train,20260609_220642
help_029,help,train,20260609_220642
help_030,help,val,20260609_220642
help_031,help,train,20260609_220642
help_032,help,train,20260609_220642
help_033,help,train,20260609_220642
eat_027,eat,train,20260609_220642
eat_028,eat,train,20260609_220642
eat_029,eat,train,20260609_220642
eat_030,eat,val,20260609_220642
eat_031,eat,train,20260609_220642
eat_032,eat,train,20260609_220642
eat_033,eat,train,20260609_220642
drink_027,drink,train,20260609_220642
drink_028,drink,train,20260609_220642
drink_029,drink,train,20260609_220642
drink_030,drink,val,20260609_220642
drink_031,drink,train,20260609_220642
drink_032,drink,train,20260609_220642
drink_033,drink,train,20260609_220642
more_027,more,train,20260609_220642
more_028,more,train,20260609_220642
more_029,more,train,20260609_220642
more_030,more,val,20260609_220642
more_031,more,train,20260609_220642
more_032,more,train,20260609_220642
more_033,more,train,20260609_220642
good_027,good,train,20260609_220642
good_028,good,train,20260609_220642
good_029,good,train,20260609_220642
good_030,good,val,20260609_220642
good_031,good,train,20260609_220642
good_032,good,train,20260609_220642
good_033,good,train,20260609_220642
finished_027,finished,train,20260609_220642
finished_028,finished,train,20260609_220642
finished_029,finished,train,20260609_220642
finished_030,finished,val,20260609_220642
finished_031,finished,train,20260609_220642
finished_032,finished,train,20260609_220642
finished_033,finished,train,20260609_220642
you_027,you,train,20260609_220642
you_028,you,train,20260609_220642
you_029,you,train,20260609_220642
you_030,you,val,20260609_220642
you_031,you,train,20260609_220642
you_032,you,train,20260609_220642
you_033,you,train,20260609_220642
me_007,me,train,20260609_220642
me_008,me,train,20260609_220642
me_009,me,train,20260609_220642
me_010,me,val,20260609_220642
me_011,me,train,20260609_220642
me_012,me,train,20260609_220642
me_013,me,train,20260609_220642
nothing_054,nothing,train,20260609_220642
nothing_055,nothing,val,20260609_220642
nothing_056,nothing,train,20260609_220642
nothing_057,nothing,train,20260609_220642
nothing_058,nothing,train,20260609_220642
nothing_059,nothing,train,20260609_220642
nothing_060,nothing,val,20260609_220642
nothing_061,nothing,train,20260609_220642
nothing_062,nothing,train,20260609_220642
nothing_063,nothing,train,20260609_220642
nothing_064,nothing,train,20260609_220642
nothing_065,nothing,val,20260609_220642
nothing_066,nothing,train,20260609_220642
nothing_067,nothing,train,20260609_220642
me_014,me,train,20260709_162125
me_015,me,val,20260709_162125
me_016,me,train,20260709_162125
me_017,me,train,20260709_162125
me_018,me,train,20260709_162125
me_019,me,train,20260709_162125
me_020,me,val,20260709_162125
me_021,me,train,20260709_162154
me_022,me,train,20260709_162154
me_023,me,train,20260709_162154
me_024,me,train,20260709_162154
me_025,me,val,20260709_162154
me_026,me,train,20260709_162154
me_027,me,train,20260709_162154
me_028,me,train,20260709_162234
me_029,me,train,20260709_162234
me_030,me,val,20260709_162234
me_031,me,train,20260709_162234
me_032,me,train,20260709_162234
me_033,me,train,20260709_162234
